scene,method,views,condition,psnr,ssim,lpips,runtime_sec,gpu_memory_mb,failure
demo_scene,placeholder_3dgs,2,clean,19.011541438766304,0.5610004302089068,0.38700117273476475,108,6000,0
demo_scene,placeholder_3dgs,3,clean,19.12856859051906,0.6044588485665606,0.39106797949691646,112,6000,0
demo_scene,placeholder_3dgs,5,clean,20.563743654163876,0.6084775533051766,0.3568768727874108,120,6000,0
demo_scene,placeholder_3dgs,8,clean,21.223837775550457,0.6587455189921442,0.32421421152413443,132,6000,0
demo_scene,placeholder_3dgs,12,clean,23.02122877574709,0.7179535060274659,0.28199537751118087,148,6000,0
demo_scene,placeholder_3dgs,20,clean,27.035953184482572,0.8388176248816279,0.18357062735503635,180,6000,0
