{
  "weights": "external_methods\\dust3r\\checkpoints\\DUSt3R_ViTLarge_BaseDecoder_512_dpt.pth",
  "rows": [
    {
      "scene": "tandt/train",
      "method": "DUSt3R",
      "split": "5views_uniform",
      "views": 5,
      "selection": "uniform",
      "status": "success",
      "num_images": 5,
      "image_size": 512,
      "niter": 100,
      "device": "cuda",
      "model_load_sec": 5.816176600001199,
      "image_load_sec": 0.0818236999984947,
      "pair_count": 20,
      "inference_sec": 5.074960200003261,
      "alignment_sec": 2.850034399998549,
      "loss": 0.0052938079461455345,
      "peak_gpu_memory_mb": 2713.0146484375,
      "camera_center_rmse": 0.07002865538251915,
      "camera_center_mae": 0.06441052734956675,
      "camera_center_max_error": 0.09787648309382448,
      "reference_trajectory_extent": 9.789046034247507,
      "normalized_camera_center_rmse": 0.0071537773075660395,
      "alignment_scale": 34.557728805254314,
      "focal_mean": 307.1754455566406,
      "output_dir": "results\\method_outputs\\tandt\\train\\dust3r_pose\\5views_uniform",
      "error": null
    },
    {
      "scene": "tandt/train",
      "method": "DUSt3R",
      "split": "5views_random",
      "views": 5,
      "selection": "random",
      "status": "success",
      "num_images": 5,
      "image_size": 512,
      "niter": 100,
      "device": "cuda",
      "model_load_sec": 5.816176600001199,
      "image_load_sec": 0.08640939999895636,
      "pair_count": 20,
      "inference_sec": 4.674032900002203,
      "alignment_sec": 2.6644422999997914,
      "loss": 0.00611457834020257,
      "peak_gpu_memory_mb": 2713.6708984375,
      "camera_center_rmse": 0.0832171244192899,
      "camera_center_mae": 0.07842464066776733,
      "camera_center_max_error": 0.11556492905165291,
      "reference_trajectory_extent": 10.708154197514272,
      "normalized_camera_center_rmse": 0.007771378977583964,
      "alignment_scale": 44.87071155817814,
      "focal_mean": 312.8182373046875,
      "output_dir": "results\\method_outputs\\tandt\\train\\dust3r_pose\\5views_random",
      "error": null
    },
    {
      "scene": "tandt/train",
      "method": "DUSt3R",
      "split": "5views_quality",
      "views": 5,
      "selection": "quality",
      "status": "success",
      "num_images": 5,
      "image_size": 512,
      "niter": 100,
      "device": "cuda",
      "model_load_sec": 5.816176600001199,
      "image_load_sec": 0.08028859999831184,
      "pair_count": 20,
      "inference_sec": 4.638186299998779,
      "alignment_sec": 2.6489930000025197,
      "loss": 0.0056436313316226006,
      "peak_gpu_memory_mb": 2713.6708984375,
      "camera_center_rmse": 0.038762667813161567,
      "camera_center_mae": 0.03325771410687001,
      "camera_center_max_error": 0.06301841220523106,
      "reference_trajectory_extent": 6.219639385430615,
      "normalized_camera_center_rmse": 0.006232301490655932,
      "alignment_scale": 29.925050818456135,
      "focal_mean": 307.33795166015625,
      "output_dir": "results\\method_outputs\\tandt\\train\\dust3r_pose\\5views_quality",
      "error": null
    },
    {
      "scene": "tandt/train",
      "method": "DUSt3R",
      "split": "5views_quality_diverse",
      "views": 5,
      "selection": "quality_diverse",
      "status": "success",
      "num_images": 5,
      "image_size": 512,
      "niter": 100,
      "device": "cuda",
      "model_load_sec": 5.816176600001199,
      "image_load_sec": 0.08844950000275276,
      "pair_count": 20,
      "inference_sec": 4.715714299996762,
      "alignment_sec": 2.8353212000001804,
      "loss": 0.008146241307258606,
      "peak_gpu_memory_mb": 2713.6708984375,
      "camera_center_rmse": 0.31585900839484665,
      "camera_center_mae": 0.2754623628559253,
      "camera_center_max_error": 0.463442705266999,
      "reference_trajectory_extent": 12.431671275801916,
      "normalized_camera_center_rmse": 0.02540760621700656,
      "alignment_scale": 46.88150239680169,
      "focal_mean": 316.7052307128906,
      "output_dir": "results\\method_outputs\\tandt\\train\\dust3r_pose\\5views_quality_diverse",
      "error": null
    },
    {
      "scene": "tandt/truck",
      "method": "DUSt3R",
      "split": "5views_uniform",
      "views": 5,
      "selection": "uniform",
      "status": "success",
      "num_images": 5,
      "image_size": 512,
      "niter": 100,
      "device": "cuda",
      "model_load_sec": 5.816176600001199,
      "image_load_sec": 0.08499170000141021,
      "pair_count": 20,
      "inference_sec": 5.117376800000784,
      "alignment_sec": 2.869967499998893,
      "loss": 0.005109970457851887,
      "peak_gpu_memory_mb": 2713.6708984375,
      "camera_center_rmse": 0.09688780410936008,
      "camera_center_mae": 0.09099417805120998,
      "camera_center_max_error": 0.13817607369214674,
      "reference_trajectory_extent": 11.343843183422566,
      "normalized_camera_center_rmse": 0.008541003480279771,
      "alignment_scale": 30.013191434298815,
      "focal_mean": 312.4671936035156,
      "output_dir": "results\\method_outputs\\tandt\\truck\\dust3r_pose\\5views_uniform",
      "error": null
    },
    {
      "scene": "tandt/truck",
      "method": "DUSt3R",
      "split": "5views_random",
      "views": 5,
      "selection": "random",
      "status": "success",
      "num_images": 5,
      "image_size": 512,
      "niter": 100,
      "device": "cuda",
      "model_load_sec": 5.816176600001199,
      "image_load_sec": 0.10177639999892563,
      "pair_count": 20,
      "inference_sec": 5.187699399997655,
      "alignment_sec": 3.7176012999989325,
      "loss": 0.0038592908531427383,
      "peak_gpu_memory_mb": 2713.6708984375,
      "camera_center_rmse": 0.05059597093663939,
      "camera_center_mae": 0.04930603002161849,
      "camera_center_max_error": 0.0650137033033182,
      "reference_trajectory_extent": 8.177639659852705,
      "normalized_camera_center_rmse": 0.006187111812352798,
      "alignment_scale": 21.270507203177793,
      "focal_mean": 317.96240234375,
      "output_dir": "results\\method_outputs\\tandt\\truck\\dust3r_pose\\5views_random",
      "error": null
    },
    {
      "scene": "tandt/truck",
      "method": "DUSt3R",
      "split": "5views_quality",
      "views": 5,
      "selection": "quality",
      "status": "success",
      "num_images": 5,
      "image_size": 512,
      "niter": 100,
      "device": "cuda",
      "model_load_sec": 5.816176600001199,
      "image_load_sec": 0.08882330000051297,
      "pair_count": 20,
      "inference_sec": 7.84777209999811,
      "alignment_sec": 3.029194800001278,
      "loss": 0.0075676338747143745,
      "peak_gpu_memory_mb": 2713.6708984375,
      "camera_center_rmse": 0.014768237035113757,
      "camera_center_mae": 0.0126258741734623,
      "camera_center_max_error": 0.02198443079363944,
      "reference_trajectory_extent": 2.844025344651851,
      "normalized_camera_center_rmse": 0.005192723427336967,
      "alignment_scale": 27.407795402861456,
      "focal_mean": 323.2264404296875,
      "output_dir": "results\\method_outputs\\tandt\\truck\\dust3r_pose\\5views_quality",
      "error": null
    },
    {
      "scene": "tandt/truck",
      "method": "DUSt3R",
      "split": "5views_quality_diverse",
      "views": 5,
      "selection": "quality_diverse",
      "status": "success",
      "num_images": 5,
      "image_size": 512,
      "niter": 100,
      "device": "cuda",
      "model_load_sec": 5.816176600001199,
      "image_load_sec": 0.13925129999915953,
      "pair_count": 20,
      "inference_sec": 6.124111000000994,
      "alignment_sec": 3.625180299997737,
      "loss": 0.005617707967758179,
      "peak_gpu_memory_mb": 2713.6708984375,
      "camera_center_rmse": 0.060648427019171613,
      "camera_center_mae": 0.05713036863279876,
      "camera_center_max_error": 0.09407623493975001,
      "reference_trajectory_extent": 10.290523655418035,