{
  "weights": "external_methods\\mast3r\\checkpoints\\MASt3R_ViTLarge_BaseDecoder_512_catmlpdpt_metric.pth",
  "rows": [
    {
      "scene": "tandt/train",
      "method": "MASt3R",
      "split": "5views_uniform",
      "views": 5,
      "selection": "uniform",
      "status": "success",
      "num_images": 5,
      "image_size": 512,
      "niter1": 80,
      "niter2": 40,
      "device": "cuda",
      "model_load_sec": 5.7850551000010455,
      "image_load_sec": 0.08709579999776906,
      "pair_count": 20,
      "alignment_sec": 10.731304599998111,
      "peak_gpu_memory_mb": 3077.31640625,
      "camera_center_rmse": 1.5916353598442403,
      "camera_center_mae": 1.3213671511826086,
      "camera_center_max_error": 2.7763612728354308,
      "reference_trajectory_extent": 9.789046034247507,
      "normalized_camera_center_rmse": 0.16259351057047008,
      "alignment_scale": 1.6848366169158764,
      "focal_mean": 299.0816650390625,
      "output_dir": "results\\method_outputs\\tandt\\train\\mast3r_pose\\5views_uniform",
      "error": null
    },
    {
      "scene": "tandt/train",
      "method": "MASt3R",
      "split": "5views_random",
      "views": 5,
      "selection": "random",
      "status": "success",
      "num_images": 5,
      "image_size": 512,
      "niter1": 80,
      "niter2": 40,
      "device": "cuda",
      "model_load_sec": 5.7850551000010455,
      "image_load_sec": 0.08496269999886863,
      "pair_count": 20,
      "alignment_sec": 10.141407699997217,
      "peak_gpu_memory_mb": 3084.06982421875,
      "camera_center_rmse": 1.0267583526784079,
      "camera_center_mae": 0.8968124255455814,
      "camera_center_max_error": 1.4851425503718536,
      "reference_trajectory_extent": 10.708154197514272,
      "normalized_camera_center_rmse": 0.09588565253540647,
      "alignment_scale": 1.7722996758303422,
      "focal_mean": 315.34613037109375,
      "output_dir": "results\\method_outputs\\tandt\\train\\mast3r_pose\\5views_random",
      "error": null
    },
    {
      "scene": "tandt/train",
      "method": "MASt3R",
      "split": "5views_quality",
      "views": 5,
      "selection": "quality",
      "status": "success",
      "num_images": 5,
      "image_size": 512,
      "niter1": 80,
      "niter2": 40,
      "device": "cuda",
      "model_load_sec": 5.7850551000010455,
      "image_load_sec": 0.08003090000056545,
      "pair_count": 20,
      "alignment_sec": 9.427811099998507,
      "peak_gpu_memory_mb": 3084.17626953125,
      "camera_center_rmse": 0.007314583334332455,
      "camera_center_mae": 0.006150860586321623,
      "camera_center_max_error": 0.012275057718152429,
      "reference_trajectory_extent": 6.219639385430615,
      "normalized_camera_center_rmse": 0.0011760462112106894,
      "alignment_scale": 1.6141023529115648,
      "focal_mean": 306.90374755859375,
      "output_dir": "results\\method_outputs\\tandt\\train\\mast3r_pose\\5views_quality",
      "error": null
    },
    {
      "scene": "tandt/train",
      "method": "MASt3R",
      "split": "5views_quality_diverse",
      "views": 5,
      "selection": "quality_diverse",
      "status": "success",
      "num_images": 5,
      "image_size": 512,
      "niter1": 80,
      "niter2": 40,
      "device": "cuda",
      "model_load_sec": 5.7850551000010455,
      "image_load_sec": 0.09097470000051544,
      "pair_count": 20,
      "alignment_sec": 11.277361799999198,
      "peak_gpu_memory_mb": 3084.1435546875,
      "camera_center_rmse": 0.6043675692329111,
      "camera_center_mae": 0.5256242373695266,
      "camera_center_max_error": 1.0459635615569174,
      "reference_trajectory_extent": 12.431671275801916,
      "normalized_camera_center_rmse": 0.048615150435107196,
      "alignment_scale": 1.8166235043863368,
      "focal_mean": 310.9363098144531,
      "output_dir": "results\\method_outputs\\tandt\\train\\mast3r_pose\\5views_quality_diverse",
      "error": null
    },
    {
      "scene": "tandt/truck",
      "method": "MASt3R",
      "split": "5views_uniform",
      "views": 5,
      "selection": "uniform",
      "status": "success",
      "num_images": 5,
      "image_size": 512,
      "niter1": 80,
      "niter2": 40,
      "device": "cuda",
      "model_load_sec": 5.7850551000010455,
      "image_load_sec": 0.0910234999973909,
      "pair_count": 20,
      "alignment_sec": 12.174106999998912,
      "peak_gpu_memory_mb": 3084.162109375,
      "camera_center_rmse": 0.1313602579547932,
      "camera_center_mae": 0.12219017042909494,
      "camera_center_max_error": 0.17645633240919442,
      "reference_trajectory_extent": 11.343843183422566,
      "normalized_camera_center_rmse": 0.01157987252034282,
      "alignment_scale": 1.8260558128553437,
      "focal_mean": 297.1956481933594,
      "output_dir": "results\\method_outputs\\tandt\\truck\\mast3r_pose\\5views_uniform",
      "error": null
    },
    {
      "scene": "tandt/truck",
      "method": "MASt3R",
      "split": "5views_random",
      "views": 5,
      "selection": "random",
      "status": "success",
      "num_images": 5,
      "image_size": 512,
      "niter1": 80,
      "niter2": 40,
      "device": "cuda",
      "model_load_sec": 5.7850551000010455,
      "image_load_sec": 0.09316820000094594,
      "pair_count": 20,
      "alignment_sec": 14.244134100001247,
      "peak_gpu_memory_mb": 3084.11474609375,
      "camera_center_rmse": 0.07129979783305831,
      "camera_center_mae": 0.06701507558652689,
      "camera_center_max_error": 0.1082617806904631,
      "reference_trajectory_extent": 8.177639659852705,
      "normalized_camera_center_rmse": 0.00871887253520077,
      "alignment_scale": 1.6647572640238966,
      "focal_mean": 304.142578125,
      "output_dir": "results\\method_outputs\\tandt\\truck\\mast3r_pose\\5views_random",
      "error": null
    },
    {
      "scene": "tandt/truck",
      "method": "MASt3R",
      "split": "5views_quality",
      "views": 5,
      "selection": "quality",
      "status": "success",
      "num_images": 5,
      "image_size": 512,
      "niter1": 80,
      "niter2": 40,
      "device": "cuda",
      "model_load_sec": 5.7850551000010455,
      "image_load_sec": 0.09528249999857508,
      "pair_count": 20,
      "alignment_sec": 11.454960999999457,
      "peak_gpu_memory_mb": 3084.1611328125,
      "camera_center_rmse": 0.008325782332178806,
      "camera_center_mae": 0.0063414291730467184,
      "camera_center_max_error": 0.013119912304353993,
      "reference_trajectory_extent": 2.844025344651851,
      "normalized_camera_center_rmse": 0.002927464183058467,
      "alignment_scale": 1.7488618651763093,
      "focal_mean": 302.7769470214844,
      "output_dir": "results\\method_outputs\\tandt\\truck\\mast3r_pose\\5views_quality",
      "error": null
    },
    {
      "scene": "tandt/truck",
      "method": "MASt3R",
      "split": "5views_quality_diverse",
      "views": 5,
      "selection": "quality_diverse",
      "status": "success",
      "num_images": 5,
      "image_size": 512,
      "niter1": 80,
      "niter2": 40,
      "device": "cuda",
      "model_load_sec": 5.7850551000010455,
      "image_load_sec": 0.09196710000105668,
      "pair_count": 20,
      "alignment_sec": 15.542368100002932,
      "peak_gpu_memory_mb": 3084.15234375,
      "camera_center_rmse": 0.09233075086502926,
      "camera_center_mae": 0.08430318765053929,
      "camera_center_max_error": 0.14280106708310142,
      "reference_trajectory_extent": 10.290523655418035,
      "normalized_camera_center_rmse": 0.008972405482632213,
      "alignment_scale": 1.9447447121872337,
      "focal_mean": 300.22003173828125,
      "output_dir": "results\\method_outputs\\tandt\\truck\\mast3r_pose\\5views_quality_diverse",
      "error": null
    },
    {
      "scene": "db/drjohnson",
      "method": "MASt3R",
      "split": "5views_uniform",
      "views": 5,
      "selection": "uniform",
      "status": "success",
      "num_images": 5,
      "image_size": 512,