selection,scenes,runs,success_runs,success_rate,psnr_mean,psnr_std,ssim_mean,ssim_std,lpips_mean,lpips_std,init_geo_sec_mean,train_sec_mean,render_sec_mean,runtime_sec_mean
uniform,4,4,4,1.0,11.471271735497254,2.24355646276044,0.2839843612367985,0.0803935873346641,0.5945882873609663,0.143078051210702,22.668402874999632,37.5497840500002,9.389229250000426,69.60741617500025
random,4,4,4,1.0,11.19275787746695,2.704465236256713,0.2550676242855842,0.0135599281461719,0.5887327848002314,0.1034654847378965,23.42293407499892,41.45557247499983,10.117941175000851,74.9964477249996
quality,4,4,4,1.0,9.498299048902128,0.7379547360523049,0.2072494773106881,0.0513325127111548,0.6730586878955365,0.0753305514157067,23.294135874999483,36.79726110000047,9.34563209999942,69.43702907499937
quality_diverse,4,4,4,1.0,11.000163142522558,1.626574822804286,0.2327341139607597,0.1233450360349641,0.5863617368042469,0.1182697451297756,23.766835675000948,39.04418097500002,9.392986824999753,72.20400347500072
